name, version, terrain, rank
시로코, 기본, 시가지, S
시로코, 기본, 야외, B
시로코, 기본, 실내, D
시로코, 수영복, 시가지, B
시로코, 수영복, 야외, S
시로코, 수영복, 실내, D
호시노, 기본, 시가지, D
호시노, 기본, 야외, S
호시노, 기본, 실내, B
호시노, 수영복, 시가지, S
호시노, 수영복, 야외, A
호시노, 수영복, 실내, D
호시노, 무장-방어, 시가지, A
호시노, 무장-방어, 야외, S
호시노, 무장-방어, 실내, D
호시노, 무장-공격, 시가지, A
호시노, 무장-공격, 야외, S
호시노, 무장-공격, 실내, D
시로코 테러, 기본, 시가지, D
시로코 테러, 기본, 야외, S
시로코 테러, 기본, 실내, A
아루, 기본, 시가지, S
아루, 기본, 야외, B
아루, 기본, 실내, D
아루, 드레스, 시가지, D
아루, 드레스, 야외, B
아루, 드레스, 실내, S
카요코, 기본, 시가지, A
카요코, 기본, 야외, D
카요코, 기본, 실내, A
카요코, 새해, 시가지, B
카요코, 새해, 야외, D
카요코, 새해, 실내, S
히나, 기본, 시가지, S
히나, 기본, 야외, C
히나, 기본, 실내, C
히나, 드레스, 시가지, D
히나, 드레스, 야외, A
히나, 드레스, 실내, S
아코, 기본, 시가지, D
아코, 기본, 야외, B
아코, 기본, 실내, S
이오리, 기본, 시가지, C
이오리, 기본, 야외, C
이오리, 기본, 실내, S
치나츠, 기본, 시가지, B
치나츠, 기본, 야외, B
치나츠, 기본, 실내, B
하루나, 기본, 시가지, S
하루나, 기본, 야외, D
하루나, 기본, 실내, B
아카리, 기본, 시가지, A
아카리, 기본, 야외, C
아카리, 기본, 실내, C
준코, 기본, 시가지, C
준코, 기본, 야외, A
준코, 기본, 실내, C
후우카, 기본, 시가지, A
후우카, 기본, 야외, A
후우카, 기본, 실내, D
사츠키, 기본, 시가지, B
사츠키, 기본, 야외, S
사츠키, 기본, 실내, D
유우카, 기본, 시가지, B
유우카, 기본, 야외, B
유우카, 기본, 실내, A
유우카, 체육복, 시가지, B
유우카, 체육복, 야외, D
유우카, 체육복, 실내, S
리오, 기본, 시가지, A
리오, 기본, 야외, D
리오, 기본, 실내, S
히마리, 기본, 시가지, S
히마리, 기본, 야외, B
히마리, 기본, 실내, D
히마리, 무장, 시가지, B
히마리, 무장, 야외, D
히마리, 무장, 실내, S
코타마, 기본, 시가지, A
코타마, 기본, 야외, C
코타마, 기본, 실내, B
코타마, 캠핑, 시가지, B
코타마, 캠핑, 야외, S
코타마, 캠핑, 실내, D
하레, 기본, 시가지, A
하레, 기본, 야외, B
하레, 기본, 실내, B
하레, 캠핑, 시가지, D
하레, 캠핑, 야외, S
하레, 캠핑, 실내, B
마키, 기본, 시가지, C
마키, 기본, 야외, S
마키, 기본, 실내, C
네루, 기본, 시가지, D
네루, 기본, 야외, S
네루, 기본, 실내, B
네루, 교복, 시가지, S
네루, 교복, 야외, A
네루, 교복, 실내, D
아카네, 기본, 시가지, A
아카네, 기본, 야외, A
아카네, 기본, 실내, D
에이미, 기본, 시가지, S
에이미, 기본, 야외, B
에이미, 기본, 실내, D
아리스, 기본, 시가지, B
아리스, 기본, 야외, D
아리스, 기본, 실내, S
아리스, 무장, 시가지, S
아리스, 무장, 야외, D
아리스, 무장, 실내, A
케이, 기본, 시가지, S
케이, 기본, 야외, D
케이, 기본, 실내, A
하나코, 기본, 시가지, A
하나코, 기본, 야외, D
하나코, 기본, 실내, A
하나코, 수영복, 시가지, S
하나코, 수영복, 야외, A
하나코, 수영복, 실내, D
코하루, 기본, 시가지, D
코하루, 기본, 야외, S
코하루, 기본, 실내, B
미네, 기본, 시가지, B
미네, 기본, 야외, S
미네, 기본, 실내, D
세리나, 기본, 시가지, A
세리나, 기본, 야외, C
세리나, 기본, 실내, B
사쿠라코, 기본, 시가지, D
사쿠라코, 기본, 야외, S
사쿠라코, 기본, 실내, B
사쿠라코, 아이돌, 시가지, D
사쿠라코, 아이돌, 야외, S
사쿠라코, 아이돌, 실내, B
마리, 기본, 시가지, D
마리, 기본, 야외, A
마리, 기본, 실내, A
마리, 아이돌, 시가지, D
마리, 아이돌, 야외, S
마리, 아이돌, 실내, B
나기사, 기본, 시가지, D
나기사, 기본, 야외, B
나기사, 기본, 실내, S
나기사, 수영복, 시가지, S
나기사, 수영복, 야외, A
나기사, 수영복, 실내, D
미카, 기본, 시가지, D
미카, 기본, 야외, A
미카, 기본, 실내, S
미카, 수영복, 시가지, S
미카, 수영복, 야외, A
미카, 수영복, 실내, D
세이아, 기본, 시가지, B
세이아, 기본, 야외, D
세이아, 기본, 실내, S
세이아, 수영복, 시가지, S
세이아, 수영복, 야외, B
세이아, 수영복, 실내, D
스즈미, 기본, 시가지, B
스즈미, 기본, 야외, B
스즈미, 기본, 실내, B
스즈미, 매지컬, 시가지, S
스즈미, 매지컬, 야외, D
스즈미, 매지컬, 실내, B
츠바키, 기본, 시가지, A
츠바키, 기본, 야외, A
츠바키, 기본, 실내, D
와카모, 기본, 시가지, A
와카모, 기본, 야외, D
와카모, 기본, 실내, S
슌, 기본, 시가지, S
슌, 기본, 야외, B
슌, 기본, 실내, D
코코나, 기본, 시가지, S
코코나, 기본, 야외, B
코코나, 기본, 실내, D
키사키, 기본, 시가지, B
키사키, 기본, 야외, D
키사키, 기본, 실내, S
체리노, 기본, 시가지, B
체리노, 기본, 야외, S
체리노, 기본, 실내, D
히카리, 기본, 시가지, D
히카리, 기본, 야외, B
히카리, 기본, 실내, S